Verbatim USB Corded Mini Travel Optical Wired Mouse for Mac and PC - Metro Series Black,/gp/slredirect/picassoRedirect.html/ref=pa_sp_atf_aps_sr_pg1_1?ie=UTF8&adId=A003326728SLS8LX787AX&url=%2FVerbatim-Travel-Optical-Mouse-Metro%2Fdp%2FB003NSBLOK%2Fref%3Dsr_1_1_sspa%3Fdchild%3D1%26keywords%3Drapoo%2Bmouse%26qid%3D1629118424%26sr%3D8-1-spons%26psc%3D1&qualifier=1629118424&id=1969817805301193&widgetName=sp_atf,8
"Rapoo Brand 3-Button Wired USB Optical Noiseless Mouse, Computer Mouse with 1000 DPI, Compatible with PC, Mac,Desktop and Laptop (Black)",/Rapoo-3-Button-Optical-Computer-Compatible/dp/B07B46RSXF/ref=sr_1_2?dchild=1&keywords=rapoo+mouse&qid=1629118424&sr=8-2,
Arion Rapoo 7100P 5.8GHz Wireless Mouse with 4D Scroll Wheel Optical Engine Programmable Buttons for Laptops Desktops and Tablet- Green,/Rapoo-Wireless-Optical-Programmable-Desktops/dp/B00Z96UL9U/ref=sr_1_3?dchild=1&keywords=rapoo+mouse&qid=1629118424&sr=8-3,
"Rapoo Wireless Bluetooth Mouse, Three-Mode Silent Mouse, Control up to 3 Mac and Windows Computer, Laptop, PC (Bluetooth or USB), 600 to 1600 Adjustable DPI, Dark Grey",/Rapoo-Wireless-Bluetooth-Three-Mode-Adjustable/dp/B07NRXNFFH/ref=sr_1_4?dchild=1&keywords=rapoo+mouse&qid=1629118424&sr=8-4,
Rapoo V22 3000DPI 7 Buttons Programmable Optical Gaming Mouse Backlight USB Wired Mouse,/3000DPI-Buttons-Programmable-Optical-Backlight/dp/B07MHB943B/ref=sr_1_5?dchild=1&keywords=rapoo+mouse&qid=1629118424&sr=8-5,
"RAPOO V302 Optical Gaming Mouse Wired with 16.8 Million RGB Backlight, Ergonomic Design, 14 Adjustable DPI, 7 Programmable Buttons for Windows 7/8/10/XP Vista, Desktop, Laptop, PC- Black",/Optical-Backlight-Ergonomic-Adjustable-Programmable/dp/B07GP3ZK79/ref=sr_1_6?dchild=1&keywords=rapoo+mouse&qid=1629118424&sr=8-6,
Wireless games mouse Rapoo 2.4G PC Mouse Optical USB Laser PC Mouse Optical Mini Adapter mice computer laptop notebook,/Wireless-Optical-Adapter-computer-notebook/dp/B07BV7M9WQ/ref=sr_1_7?dchild=1&keywords=rapoo+mouse&qid=1629118424&sr=8-7,
"RAPOO VT350 Gaming Mouse, Wired and Wireless Dual Modes Rechargeable Ergonomic Design Optical, 11 Programmable Buttons, 5 Adjustable Customized DPI, RGB Backlight, Windows Desktop Laptop PC Black",/Rechargeable-Ergonomic-Programmable-Adjustable-Customized/dp/B08VDFTCS5/ref=sr_1_8?dchild=1&keywords=rapoo+mouse&qid=1629118424&sr=8-8,
"Rapoo Wireless Bluetooth Mouse, Three-Mode Silent Mouse, Control up to 3 Mac and Windows Computer, Laptop, PC (Bluetooth or USB), 1300DPI, 12-Month Battery Life-Blue",/Rapoo-Wireless-Bluetooth-Three-Mode-Life-Blue/dp/B07NRT1XZ2/ref=sr_1_9?dchild=1&keywords=rapoo+mouse&qid=1629118424&sr=8-9,
Verbatim 2.4G Wireless Mini Travel Optical Mouse with Nano Receiver for Mac and PC - Red,/gp/slredirect/picassoRedirect.html/ref=pa_sp_mtf_aps_sr_pg1_1?ie=UTF8&adId=A0700917T0394BK1EDVP&url=%2FVerbatim-Wireless-Travel-Optical-Mouse%2Fdp%2FB004DI7DIC%2Fref%3Dsr_1_10_sspa%3Fdchild%3D1%26keywords%3Drapoo%2Bmouse%26qid%3D1629118424%26sr%3D8-10-spons%26psc%3D1&qualifier=1629118424&id=1969817805301193&widgetName=sp_mtf,16
"Rapoo Wireless Bluetooth Mouse, Three-Mode Silent Mouse, Control up to 3 Mac and Windows Computer, Laptop, PC (Bluetooth or USB), 600 to 1600 Adjustable DPI, White",/Rapoo-Wireless-Bluetooth-Three-Mode-Adjustable/dp/B07NRP7FNQ/ref=sr_1_11?dchild=1&keywords=rapoo+mouse&qid=1629118424&sr=8-11,
"RAPOO Gaming Mouse Wired with Led Backlight, Ergonomic Design, 5 Adjustable DPI, 7 Programmable Buttons for Windows 7/8/10/XP Vista, Desktop, Laptop, PC- Black",/Backlight-Ergonomic-Adjustable-Programmable-Buttons/dp/B07GP7Q5M3/ref=sr_1_12?dchild=1&keywords=rapoo+mouse&qid=1629118424&sr=8-12,
"Rapoo V302 Gaming Mouse Wired, Programmable RGB LED Mice, 7000 DPI, Laser High Precision Sensor, Weight Tuning Set, 7 Buttons for Windows PC Games - Black",/Programmable-Buttons-Optical-Backlight-Professional-Windows/dp/B076VMD23H/ref=sr_1_13?dchild=1&keywords=rapoo+mouse&qid=1629118424&sr=8-13,
Usb computer gaming mouse laptop gamer air para Optical games mouse X7 play mause rapoo mice raton ergonomic iron man for dota2,/computer-gaming-laptop-Optical-ergonomic-Pc/dp/B016IA77ZG/ref=sr_1_14?dchild=1&keywords=rapoo+mouse&qid=1629118424&sr=8-14,
"Verbatim Optical Mouse - Wired with USB Accessibility - Mac & PC Compatible - Blue, 1.4"" x 2.4"" x 3.9""",/gp/slredirect/picassoRedirect.html/ref=pa_sp_mtf_aps_sr_pg1_1?ie=UTF8&adId=A0700941329G9KCR5O1TR&url=%2FVerbatim-Optical-Mouse-Accessibility-Compatible%2Fdp%2FB071KGQP23%2Fref%3Dsr_1_15_sspa%3Fdchild%3D1%26keywords%3Drapoo%2Bmouse%26qid%3D1629118424%26sr%3D8-15-spons%26psc%3D1&qualifier=1629118424&id=1969817805301193&widgetName=sp_mtf,5
"FAIYIWO Fashion USB Computer Gaming Mouse Laptop Gamer Air para Jogos Games Mouses Game Mause Rapoo Mice Rat FAIYIWO Black, Size : Mouse",/FAIYIWO-Fashion-Computer-Gaming-Laptop/dp/B07MSFGGMG/ref=sr_1_16?dchild=1&keywords=rapoo+mouse&qid=1629118424&sr=8-16,
Super Gamer Wireless Mice Rapoo V8 wireless Lase Gaming mouse/ Usb Fast Charging,/Super-Gamer-Wireless-Gaming-Charging-PC/dp/B00QR5PR78/ref=sr_1_17?dchild=1&keywords=rapoo+mouse&qid=1629118424&sr=8-17,
"Rapoo V20PRO Gaming Wireless Mouse, 9 Programmable Buttons, RGB Backlit, 8000 DPI Adjustable, Comfortable Grip Ergonomic PC Computer Gaming Mice with Accurate Navigation, Black (Upgraded Version)",/Professional-Mouse-Up-8000DPI-Ergonomic-Design/dp/B07BW8B2N8/ref=sr_1_18?dchild=1&keywords=rapoo+mouse&qid=1629118424&sr=8-18,
"RAPOO Optical Gaming Mouse, Wired and Wireless Modes, Rechargeable, RGB Backlight, Ergonomic Design, 5 Adjustable DPI, 11 Programmable Buttons for Windows, Desktop, Laptop, PC- Black",/Rechargeable-Backlight-Ergonomic-Adjustable-Programmable/dp/B07GP9JCRM/ref=sr_1_19?dchild=1&keywords=rapoo+mouse&qid=1629118424&sr=8-19,
"iHome Bluetooth Mac Mouse with Scroll Wheel, 3-Buttons, 1600 DPI, Laptops and Computers, Slim and Compact, Right or Left Hand Use, White",/gp/slredirect/picassoRedirect.html/ref=pa_sp_btf_aps_sr_pg1_1?ie=UTF8&adId=A02022212K54AESHTTQET&url=%2FiHome-Bluetooth-Mac-Mouse-IMAC-M110W%2Fdp%2FB007X3VEX4%2Fref%3Dsr_1_20_sspa%3Fdchild%3D1%26keywords%3Drapoo%2Bmouse%26qid%3D1629118424%26sr%3D8-20-spons%26psc%3D1&qualifier=1629118424&id=1969817805301193&widgetName=sp_btf,26
"Targus Fully Cord-Storing Optical Mouse with 2.5-Foot Adjustable USB Cord, Black (AMU76US)",/gp/slredirect/picassoRedirect.html/ref=pa_sp_btf_aps_sr_pg1_1?ie=UTF8&adId=A0795315ZHIBNZD213HF&url=%2FTargus-Cord-Storing-2-5-Foot-Adjustable-AMU76US%2Fdp%2FB002NU5O7O%2Fref%3Dsr_1_21_sspa%3Fdchild%3D1%26keywords%3Drapoo%2Bmouse%26qid%3D1629118424%26sr%3D8-21-spons%26psc%3D1&qualifier=1629118424&id=1969817805301193&widgetName=sp_btf,19
Verbatim 2.4G Wireless Mini Travel Optical Mouse with Nano Receiver for Mac and PC - Graphite,/gp/slredirect/picassoRedirect.html/ref=pa_sp_atf_next_aps_sr_pg2_1?ie=UTF8&adId=A07008172RIFJCBKYHCQ8&url=%2FVerbatim-Wireless-Travel-Optical-Mouse%2Fdp%2FB004DI7DFU%2Fref%3Dsr_1_17_sspa%3Fdchild%3D1%26keywords%3Drapoo%2Bmouse%26qid%3D1629118427%26sr%3D8-17-spons%26psc%3D1&qualifier=1629118427&id=2171959358209338&widgetName=sp_atf_next,13
"Targus 3-Button USB Full-Size Optical Mouse with 6-Foot USB Cord, Supports Windows and Mac, Black (AMU81USZ)",/gp/slredirect/picassoRedirect.html/ref=pa_sp_atf_next_aps_sr_pg2_1?ie=UTF8&adId=A07951592QD57TFI21ENF&url=%2FTargus-3-Button-Full-Size-Optical-AMU81USZ%2Fdp%2FB003U4RVRI%2Fref%3Dsr_1_18_sspa%3Fdchild%3D1%26keywords%3Drapoo%2Bmouse%26qid%3D1629118427%26sr%3D8-18-spons%26psc%3D1&qualifier=1629118427&id=2171959358209338&widgetName=sp_atf_next,10
"RAPOO Multi-Device Bluetooth Mouse, Connect Up to 4 Different Devices, 4 Adjustable DPI, Ergonomic Design Comfortable Use, 12 Month Long Battery Life, for Computer Laptop Macbook Tablets Phones, Black",/Rapoo-Wireless-Bluetooth-Optical-Right-Hand/dp/B0773RVD3F/ref=sr_1_19?dchild=1&keywords=rapoo+mouse&qid=1629118427&sr=8-19,
"RAPOO N100 Wired Mouse – Corded USB Mouse for Mac or Windows PC Laptop/Desktop, for Right or Left Hand Use, Black",/Rapoo-N100-Wired-Mouse-Black/dp/B07NPPQWQL/ref=sr_1_20?dchild=1&keywords=rapoo+mouse&qid=1629118427&sr=8-20,
Rapoo V200 Professional game Gaming Mouse 2000dpi USB Wired optical mouse,/Rapoo-Professional-Gaming-2000dpi-optical/dp/B00IMZTZT2/ref=sr_1_21?dchild=1&keywords=rapoo+mouse&qid=1629118427&sr=8-21,
"Logitech MX Master Wireless Mouse – High-precision Sensor, Speed-Adaptive Scroll Wheel, Easy-Switch up to 3 Devices - Meteorite Black",/Logitech-Master-Wireless-Mouse-High-Precision/dp/B07DHDFW5V/ref=sr_1_22?dchild=1&keywords=rapoo+mouse&qid=1629118427&sr=8-22,
"Razer Mamba Wireless Gaming Mouse: 16,000 DPI Optical Sensor - Chroma RGB Lighting - 7 Programmable Buttons - Mechanical Switches - Up to 50 Hr Battery Life",/Razer-Mamba-Wireless-Programmable-Gaming/dp/B07GBYYSMF/ref=sr_1_23?dchild=1&keywords=rapoo+mouse&qid=1629118427&sr=8-23,43
"TeckNet 2600DPI Bluetooth Wireless Mouse, 12 Months Battery Life with Battery Indicator, 2600/2000/1600/1200/800DPI",/TeckNet-2600DPI-Bluetooth-Wireless-Indicator/dp/B01EFAGMRA/ref=sr_1_24?dchild=1&keywords=rapoo+mouse&qid=1629118427&sr=8-24,
"Bluetooth Mouse, Inphic Rechargeable Wireless Mouse Multi-Device (Tri-Mode:BT 5.0/4.0+2.4Ghz) with Silent , 3 DPI Adjustment, Ergonomic Optical Portable Mouse for Laptop Android Windows Mac OS, Grey",/Bluetooth-Multi-Device-Rechargeable-Wireless-Tri-Mode/dp/B07ZHFCM43/ref=sr_1_25?dchild=1&keywords=rapoo+mouse&qid=1629118427&sr=8-25,
"memzuoix 2.4G Wireless Mouse, 1200 DPI Mobile Optical Cordless Mouse with USB Receiver, Portable Computer Mice Wireless Mouse for Laptop, PC, Desktop, MacBook, 5 Buttons, Red",/Memzuoix-Wireless-Portable-Receiver-Ergonomic/dp/B07WCW1PB3/ref=sr_1_26?dchild=1&keywords=rapoo+mouse&qid=1629118427&sr=8-26,
"LingAo Slim Silent Wireless Mouse,2 Pack with Nano Receiver,3 Adjustable DPI Levels,Slim Silent Wireless Mouse Silent Click for PC, Laptop, Tablet, Computer, and Mac (Black&White)",/LingAo-Wireless-Receiver-Adjustable-Computer/dp/B07CML82PG/ref=sr_1_27?dchild=1&keywords=rapoo+mouse&qid=1629118427&sr=8-27,
Amazon Basics Full-Size Ergonomic Wireless PC Mouse with Fast Scrolling,/AmazonBasics-Full-Size-Ergonomic-Wireless-Scrolling/dp/B078HFRNSP/ref=sr_1_28?dchild=1&keywords=rapoo+mouse&qid=1629118427&sr=8-28,24
Perixx PERIMICE-209 3 Button USB Wired Mouse - Optical - 1000 DPI - 5.9 Ft Cable - Black,/Perixx-PERIMICE-209-Button-Wired-Mouse/dp/B074W6Z6LW/ref=sr_1_29?dchild=1&keywords=rapoo+mouse&qid=1629118427&sr=8-29,
"2.4GHz Wireless Bluetooth Mouse, 3 Adjustable DPI, Dual Mode Slim Rechargeable Wireless Mouse Silent USB Mice,Compatible for Laptop Windows Mac Android MAC PC Computer (Black)",/Wireless-Bluetooth-Adjustable-Rechargeable-Compatible/dp/B07SL4C8LG/ref=sr_1_30?dchild=1&keywords=rapoo+mouse&qid=1629118427&sr=8-30,
"BENGOO Gaming Mouse Wired, USB Optical Computer Mice with RGB Backlit, 4 Adjustable DPI Up to 3600, Ergonomic Gamer Laptop PC Mouse with 6 Programmable Buttons for Windows 7/8/10/XP Vista Linux -Black",/BENGOO-Changing-Ergonomic-Computer-Adjustable/dp/B00Z9V0NKC/ref=sr_1_31?dchild=1&keywords=rapoo+mouse&qid=1629118427&sr=8-31,
Noiseless USB Optical Gaming Computer Wheel Mouse 1600 DPI Super Quiet JNL-101K Black Silent,/Noiseless-Optical-Gaming-Computer-JNL-101K/dp/B0042T7TBS/ref=sr_1_32?dchild=1&keywords=rapoo+mouse&qid=1629118427&sr=8-32,
Razer DeathAdder Essential Gaming Mouse: 6400 DPI Optical Sensor - 5 Programmable Buttons - Mechanical Switches - Rubber Side Grips - Mercury White,/Razer-DeathAdder-Essential-Gaming-Mouse/dp/B07Y693ND1/ref=sr_1_33?dchild=1&keywords=rapoo+mouse&qid=1629118427&sr=8-33,24
"Rapoo Travel Wireless Bluetooth Mouse Compatible with MacBook, Laptop, Windows Android Mac OS Quiet Clicking Mouse with Bluetooth USB Receiver, Sliver Black Pink (Sliver)",/Rapoo-Wireless-Bluetooth-Compatible-Clicking/dp/B00BUI2RJI/ref=sr_1_34?dchild=1&keywords=rapoo+mouse&qid=1629118427&sr=8-34,
"Targus Wireless Bluetooth Mouse with 1,600 DPI Optical Sensor, 4.1 Inch 2.3 Inch 1.1 Inch, Black (AMB580TT)",/gp/slredirect/picassoRedirect.html/ref=pa_sp_atf_next_aps_sr_pg3_1?ie=UTF8&adId=A01285943QD4AU6U56EYL&url=%2FTargus-Wireless-Bluetooth-Optical-AMB580TT%2Fdp%2FB07439LDHW%2Fref%3Dsr_1_33_sspa%3Fdchild%3D1%26keywords%3Drapoo%2Bmouse%26qid%3D1629118431%26sr%3D8-33-spons%26psc%3D1&qualifier=1629118431&id=4827871426649900&widgetName=sp_atf_next,23
"Wired PC Mouse, Inphic USB Wired Mouse 4800DPI Adjustable & 6 Programmable Buttons, Silent Click, Optical Tracking, Ergonomic, Streamlined Mouse for PC Laptop Computer Working and Gaming",/Adjustable-Programmable-Tracking-Ergonomic-Streamlined/dp/B08D6L8XSH/ref=sr_1_34?dchild=1&keywords=rapoo+mouse&qid=1629118431&sr=8-34,
Razer Atheris Ambidextrous Wireless Mouse: 7200 DPI Optical Sensor - 350 Hr Battery Life - USB Wireless Receiver & Bluetooth Connection - Classic Black,/Razer-Atheris-Ambidextrous-Wireless-Mouse/dp/B0744KT1TZ/ref=sr_1_35?dchild=1&keywords=rapoo+mouse&qid=1629118431&sr=8-35,42
"SteelSeries Rival 600 Gaming Mouse - 12,000 CPI TrueMove3Plus Dual Optical Sensor - 0.5 Lift-off Distance - Weight System - RGB Lighting",/SteelSeries-Rival-600-Gaming-Mouse/dp/B078LJ6RPK/ref=sr_1_36?dchild=1&keywords=rapoo+mouse&qid=1629118431&sr=8-36,67
Razer Viper Ambidextrous Wired Gaming Mouse with Razer Optical Mouse Switches,/Razer-Viper-Ultralight-Ambidextrous-Gaming/dp/B07TT8G59J/ref=sr_1_37?dchild=1&keywords=rapoo+mouse&qid=1629118431&sr=8-37,58
Rapoo IR Optical Wired Gaming Mouse 6200DPI 10 Programmable Buttons Computer Gamer Mouse 16M Color Magic RGB Light Game Mouse,/Optical-6200DPI-Programmable-Buttons-Computer/dp/B096WQGLW6/ref=sr_1_38?dchild=1&keywords=rapoo+mouse&qid=1629118431&sr=8-38,
"Rapoo Wireless Bluetooth Mouse, Three-Mode Silent Mouse, Control up to 3 Mac and Windows Computer, Laptop, PC (Bluetooth or USB), 600 to 1600 Adjustable DPI, Red",/Rapoo-Wireless-Bluetooth-Three-Mode-Adjustable/dp/B07NRQRH93/ref=sr_1_39?dchild=1&keywords=rapoo+mouse&qid=1629118431&sr=8-39,
"Rapoo Wireless Bluetooth Mouse, Three-Mode Silent Mouse, Control up to 3 Mac and Windows Computer, Laptop, PC (Bluetooth or USB), 1300DPI, 12-Month Battery Life-Light Grey",/Rapoo-Wireless-Bluetooth-Three-Mode-Life-Light/dp/B07NRPQ5PV/ref=sr_1_40?dchild=1&keywords=rapoo+mouse&qid=1629118431&sr=8-40,
Rapoo v2 Gaming Mouse 3200dpi Wired Laser Mouse Optical Mouse,/Rapoo-gaming-mouse-3200dpi-optical/dp/B07CKPGK39/ref=sr_1_41?dchild=1&keywords=rapoo+mouse&qid=1629118431&sr=8-41,
Surprise Price Rapoo 2.4G Optical Wireless gaming mouse USB Laser PC Mouse Optical Mini Adapter mice laptop notebook,/Surprise-Optical-Wireless-Adapter-notebook/dp/B07CPH37XD/ref=sr_1_42?dchild=1&keywords=rapoo+mouse&qid=1629118431&sr=8-42,
Rapoo V20 Gaming Optics Wired USB Mouse 3000 DPI,/Rapoo-Gaming-Optics-Wired-Mouse/dp/B013WOPXS4/ref=sr_1_43?dchild=1&keywords=rapoo+mouse&qid=1629118431&sr=8-43,
3D 2.4GHz Rapoo 3200 Ergonomic USB Wireless Laser PC Mouse Optical Mini Adapter bluetooth,/Ergonomic-Wireless-Optical-Adapter-bluetooth/dp/B07BNSQ7KD/ref=sr_1_44?dchild=1&keywords=rapoo+mouse&qid=1629118431&sr=8-44,
YTDTKJ USB Computer Gaming Mouse Laptop Gamer air para jogos Games mouses Game mause rapoo mice Raton Ergonomic Iron Man,/YTDTKJ-Computer-Gaming-Laptop-Ergonomic/dp/B07MNBT6W5/ref=sr_1_45?dchild=1&keywords=rapoo+mouse&qid=1629118431&sr=8-45,
Rapoo V3 gaming mouse with 200 to 5000 DPI and 7 programable gaming hotkeys,/Rapoo-gaming-mouse-programable-hotkeys-Linux/dp/B007MHKGOE/ref=sr_1_46?dchild=1&keywords=rapoo+mouse&qid=1629118431&sr=8-46,
Auawak Rapoo V20 Ergonomic Programmable Pro Gaming Mouse With 16 Million-Colors Smart Breathing Light Built-in 60IPS 12MHz ARM Core for PC Laptops and Desktops - White,/Auawak-Ergonomic-Programmable-Million-Colors-Breathing/dp/B00NHUWLK2/ref=sr_1_47?dchild=1&keywords=rapoo+mouse&qid=1629118431&sr=8-47,
Docooler Rapoo MT750S Gaming Mouse Rechargeable Multi-Mode Wireless Mouse Ergonomic BT 3.0/4.0 2.4GHz Four Device Connection,/Docooler-Rechargeable-Multi-Mode-Ergonomic-Connection/dp/B07SZM4PQ4/ref=sr_1_48?dchild=1&keywords=rapoo+mouse&qid=1629118431&sr=8-48,
JJBHD RGB Magic Backlight Gaming Mouse 6200 DPI 220IPS 8D IR Optical USB Wired Mice for LOL Dota E-Sport Game Player PC Laptop Ergonomically Comfortable Mouse (Color : Rapoo VT200),/Backlight-Gaming-Optical-Ergonomically-Comfortable/dp/B08D6FRC6P/ref=sr_1_49?dchild=1&keywords=rapoo+mouse&qid=1629118431&sr=8-49,
Rapoo V2 gaming mouse with 3200 DPI and 7 programable gaming hotkeys,/Rapoo-V2-gaming-programable-hotkeys/dp/B00612696K/ref=sr_1_49?dchild=1&keywords=rapoo+mouse&qid=1629118434&sr=8-49,
Rapoo V3 Laser Gaming Mouse with 200 to 5000 DPI and 7 Programable Gaming Hotkeys,/Rapoo-Laser-Gaming-Programable-Hotkeys-Pc/dp/B009ZOAM32/ref=sr_1_50?dchild=1&keywords=rapoo+mouse&qid=1629118434&sr=8-50,
Ancipe Rapoo V20 Gaming Mouse With 16 Million Colors Smart Breathing Light Gold,/Ancipe-Gaming-Million-Colors-Breathing/dp/B011A2VBCM/ref=sr_1_51?dchild=1&keywords=rapoo+mouse&qid=1629118434&sr=8-51,
Rapoo V1X Wired Optical Gaming Mouse,/Rapoo-V1X-Wired-Optical-Gaming-Mouse/dp/B003LSTZ2M/ref=sr_1_52?dchild=1&keywords=rapoo+mouse&qid=1629118434&sr=8-52,
"CNC 050 Rapoo Fabric Cover mouse, window XP, Vista ,7,8,10 ,Mac OS (Blue)",/Rapoo-Fabric-Cover-mouse-window/dp/B075F99LPX/ref=sr_1_53?dchild=1&keywords=rapoo+mouse&qid=1629118434&sr=8-53,
Rapoo V2 3200DPI Optical Gaming Mouse,/Rapoo-3200DPI-Optical-Gaming-Mouse/dp/B00H7GBZMM/ref=sr_1_54?dchild=1&keywords=rapoo+mouse&qid=1629118434&sr=8-54,
Ancipe Rapoo V300 4000DPI Ergonomic Gaming Mouse,/Ancipe-Rapoo-4000DPI-Ergonomic-Gaming/dp/B0119OLZNQ/ref=sr_1_55?dchild=1&keywords=rapoo+mouse&qid=1629118434&sr=8-55,
Rapoo 7100P 5.8GHz Wireless Optical Mouse with 4D Scroll Wheel Programmable Buttons(Black),/Rapoo-Wireless-Optical-Programmable-Buttons/dp/B010QS445W/ref=sr_1_56?dchild=1&keywords=rapoo+mouse&qid=1629118434&sr=8-56,
Rapoo V300 Ergonomic Optical Gaming Mouse High-speed Response 32-bit 60MHz ARM Core Accurate Navigation Adjustable DPI (800/1600/3200/4000),/Ergonomic-High-speed-Response-Navigation-Adjustable-Pc/dp/B00O8SLQYO/ref=sr_1_57?dchild=1&keywords=rapoo+mouse&qid=1629118434&sr=8-57,
Rapoo N1162 Gaming Office Wired Usb Mouse 1000 DPI,/Rapoo-N1162-Gaming-Office-Mouse/dp/B013GDEZCG/ref=sr_1_58?dchild=1&keywords=rapoo+mouse&qid=1629118434&sr=8-58,
Rapoo V20 Ergonomic High-speed Optical Gaming Mouse 60IPS 12MHz ARM Core Adjustable 3000 DPI Smart Breathing Light - Flame White,/Rapoo-Ergonomic-High-speed-Adjustable-Breathing/dp/B00OBC1RKU/ref=sr_1_59?dchild=1&keywords=rapoo+mouse&qid=1629118434&sr=8-59,
Rapoo V20 Ergonomic High-speed Optical Gaming Mouse 60IPS 12MHz ARM Core Adjustable 3000 DPI Smart Breathing Light - Yellow,/Rapoo-Ergonomic-High-speed-Adjustable-Breathing/dp/B00OBC1NC2/ref=sr_1_60?dchild=1&keywords=rapoo+mouse&qid=1629118434&sr=8-60,
Docooler Rapoo 3100P 5.8GHz Wireless Optical Mouse Silent Mice 1000 DPI for PC Laptop Computer,/Docooler-5-8GHz-Wireless-Optical-Computer/dp/B07TP21XH9/ref=sr_1_61?dchild=1&keywords=rapoo+mouse&qid=1629118434&sr=8-61,
Rapoo 7800P Reliable 5GHz 1600DPI Wireless Laser Mouse Black,/Rapoo-7800P-Reliable-1600DPI-Wireless/dp/B00KFA6DGU/ref=sr_1_62?dchild=1&keywords=rapoo+mouse&qid=1629118434&sr=8-62,
"Inphic Gaming Mouse, Silent Click USB Optical Wired PC Laptop Computer Gaming Mouse 4800DPI Ergonomic Mice with 6 Programmable Buttons,4 DPI Adjustment, RGB Breathing LED",/Computer-Ergonomic-Programmable-Adjustment-Breathing/dp/B07CZ947ZP/ref=sr_1_63?dchild=1&keywords=rapoo+mouse&qid=1629118434&sr=8-63,
Rapoo 7800P Reliable 5GHz 1600DPI Wireless Laser Mouse Black,/Rapoo-7800P-Reliable-1600DPI-Wireless-Pc/dp/B00QN24VVS/ref=sr_1_64?dchild=1&keywords=rapoo+mouse&qid=1629118434&sr=8-64,
Auawak E-3lue Master of Destiny Mazer II Blue LED 2.4GHz Wireless Optical Engine Gaming Mouse,/Master-Destiny-2-4GHz-Wireless-Optical/dp/B00MPKHEHK/ref=sr_1_65?dchild=1&keywords=rapoo+mouse&qid=1629118436&sr=8-65,
Rapoo V1 USB 800~2400DPI Optical Gaming Mouse - Grey + Black (120CM),/Rapoo-800-2400DPI-Optical-Gaming-Mouse/dp/B00LNTPCMS/ref=sr_1_66?dchild=1&keywords=rapoo+mouse&qid=1629118436&sr=8-66,
HITSAN INCORPORATION Rapoo V21S 7000DPI USB Wired RGB Backlit Optical Gaming Mouse Support Macro Setting,/INCORPORATION-7000DPI-Backlit-Optical-Support/dp/B07MM2H3D7/ref=sr_1_67?dchild=1&keywords=rapoo+mouse&qid=1629118436&sr=8-67,
Yongse Rapoo V21S 7000DPI USB Wired RGB Backlit Optical Gaming Mouse Support Macro Setting,/Yongse-7000DPI-Backlit-Optical-Support/dp/B07MHCGZXZ/ref=sr_1_68?dchild=1&keywords=rapoo+mouse&qid=1629118436&sr=8-68,
Rapoo V26S 7000DPI USB Wired RGB Backlit Optical Gaming Mouse,/Rapoo-7000DPI-Backlit-Optical-Gaming/dp/B07MHBBH66/ref=sr_1_69?dchild=1&keywords=rapoo+mouse&qid=1629118436&sr=8-69,
Office Gaming Mouse 2.4G Wireless 16000DPI OLED Display RGB Lighting PMW3389 Engine (Color : RAPOO VT950),/Wireless-16000DPI-Display-Lighting-PMW3389/dp/B08N4GGDQG/ref=sr_1_70?dchild=1&keywords=rapoo+mouse&qid=1629118436&sr=8-70,
DDRZD RGB Magic Backlight Gaming Mouse 6200 DPI 220IPS 8D IR Optical USB Wired Mice for LOL Dota E-Sport Game Player PC Laptop Compatible with Multiple Models (Color : Rapoo VT200),/Backlight-Gaming-Optical-Compatible-Multiple/dp/B08DXPSRY1/ref=sr_1_71?dchild=1&keywords=rapoo+mouse&qid=1629118436&sr=8-71,
2.4GHz 6D 1600DPI USB Wireless Optical Gaming Mouse Mice For Laptop/Desktop/PC,/2-4GHz-1600DPI-Wireless-Optical-Gaming-Desktop/dp/B01FJI572S/ref=sr_1_72?dchild=1&keywords=rapoo+mouse&qid=1629118436&sr=8-72,
E-3lue Stark Industries Iron Man 3 Wireless AVAGO Optical Engine Gaming Mouse - Limited Edition,/3lue-Industries-Wireless-Optical-Engine/dp/B00MH4SUU4/ref=sr_1_73?dchild=1&keywords=rapoo+mouse&qid=1629118436&sr=8-73,
"KZBH RGB Magic Backlight Gaming Mouse 6200 DPI 220IPS 8D IR Optical USB Wired Mice for LOL Dota E-Sport Game Player PC Laptop Ergonomic Right Hand Shape, Comfortable and Durabl (Color : Rapoo VT200)",/Backlight-Gaming-Optical-Ergonomic-Comfortable/dp/B08FSNNV9K/ref=sr_1_74?dchild=1&keywords=rapoo+mouse&qid=1629118436&sr=8-74,
E-3lue Cobra LED High-Speed Response 2.4GHz Wireless Optical Engine Gaming Mouse,/3lue-High-Speed-Response-Wireless-Optical/dp/B00MPMZSJY/ref=sr_1_75?dchild=1&keywords=rapoo+mouse&qid=1629118436&sr=8-75,
Beteran Rapoo V900 8200DPI APM 16-Million-Colors Smart Breathing Light Built-in 32-bit 60MHz V-Power3 Core Laser 7 Buttons Wired Ergonomics Professional Gaming E-Sports USB Computer PC Laptop Laser Engine Mouse Mice,/Rapoo-16-Million-Colors-Breathing-Ergonomics-Professional/dp/B00JSSIMKK/ref=sr_1_76?dchild=1&keywords=rapoo+mouse&qid=1629118436&sr=8-76,
E-3lue Original Auroza High-Speed Response Optical Engine Mouse - IM Gaming Edition,/3lue-Original-High-Speed-Response-Optical/dp/B00MH4SPRC/ref=sr_1_77?dchild=1&keywords=rapoo+mouse&qid=1629118436&sr=8-77,
Genius X3 Smart Breathing Light High-Speed Response 37g Adjustable Weight Optical Engine Gaming Mouse - Titanium,/Genius-Breathing-High-Speed-Response-Adjustable/dp/B00MPO9ZPK/ref=sr_1_78?dchild=1&keywords=rapoo+mouse&qid=1629118436&sr=8-78,
E-3lue Cobra II LED High-Speed Response Optical Engine Gaming Mouse - Blue,/3lue-High-Speed-Response-Optical-Engine/dp/B00MPMZOUM/ref=sr_1_79?dchild=1&keywords=rapoo+mouse&qid=1629118436&sr=8-79,
E-3lue Cobra II LED High-Speed Response Optical Engine Gaming Mouse - Red,/3lue-High-Speed-Response-Optical-Engine/dp/B00MPMZLF0/ref=sr_1_80?dchild=1&keywords=rapoo+mouse&qid=1629118436&sr=8-80,
E-3lue Cobra LED High-Speed Response Optical Engine Gaming Mouse Red - Special Edition,/3lue-High-Speed-Response-Optical-Engine/dp/B00MPMZA60/ref=sr_1_81?dchild=1&keywords=rapoo+mouse&qid=1629118439&sr=8-81,
E-3lue Auroza Stark Industries Iron Man 3 AVAGO Optical Engine Gaming Mouse - Collection Edition,/3lue-Auroza-Industries-Optical-Engine/dp/B00MH4STKA/ref=sr_1_82?dchild=1&keywords=rapoo+mouse&qid=1629118439&sr=8-82,
Aula Dark Magic Scorpion 1000MHz High-Speed Response Breathing Light Optical Engine Gaming Mouse,/Scorpion-1000MHz-High-Speed-Response-Breathing/dp/B00MPNZK5K/ref=sr_1_83?dchild=1&keywords=rapoo+mouse&qid=1629118439&sr=8-83,
E-3lue Cobra LED High-Speed Response Optical Engine Gaming Souvenir Edition Mouse - White,/3lue-High-Speed-Response-Optical-Souvenir/dp/B00MPMZMPO/ref=sr_1_84?dchild=1&keywords=rapoo+mouse&qid=1629118439&sr=8-84,
E-3lue Cobra LED High-Speed Response Optical Engine Gaming Special Edition Mouse - Silver,/3lue-High-Speed-Response-Optical-Special/dp/B00MPMZJHU/ref=sr_1_85?dchild=1&keywords=rapoo+mouse&qid=1629118439&sr=8-85,
AUAWAK E-3lue Master Of Destiny Mazer II Blue LED Wired Optical Engine Gaming Mouse - Black,/AUAWAK%C2%AE-3lue-Master-Destiny-Optical/dp/B00MPMZAGA/ref=sr_1_86?dchild=1&keywords=rapoo+mouse&qid=1629118439&sr=8-86,
E-3lue Original Auroza High-Speed Response Optical Engine Mouse - G Gaming Edition,/3lue-Original-High-Speed-Response-Optical/dp/B00MH4SOW8/ref=sr_1_87?dchild=1&keywords=rapoo+mouse&qid=1629118439&sr=8-87,
E-3lue Original Auroza High-Speed Response Optical Engine Mouse - Gaming Edition,/3lue-Original-High-Speed-Response-Optical/dp/B00MH4SO00/ref=sr_1_88?dchild=1&keywords=rapoo+mouse&qid=1629118439&sr=8-88,
Dual Mode Gaming Mouse Wired and Wireless 5000 DPI 8 Buttons PUBG Computer Mouse Mice for FPS PC Laptop Gamer,/Gaming-Wireless-Buttons-Computer-Laptop/dp/B08KVZMCWF/ref=sr_1_89?dchild=1&keywords=rapoo+mouse&qid=1629118439&sr=8-89,
E-3lue Cobra II LED High-Speed Response Optical Engine Gaming Mouse - Black,/3lue-High-Speed-Response-Optical-Engine/dp/B00MPMZHM2/ref=sr_1_90?dchild=1&keywords=rapoo+mouse&qid=1629118439&sr=8-90,
